Top queries,Clicks,Impressions,CTR,Position
kovil ai,7,10,70%,1
rei grand hut 6,3,7,42.86%,8.43
turkopt,1,20,5%,8.8
ai life cycle,1,10,10%,1
mini motosierra batería bricomart,1,4,25%,9.5
mec base camper 6,1,3,33.33%,8
trojan goretex jacket,1,2,50%,12.5
asics fencing shoes japan,1,1,100%,1
scarlxrd outfit,1,1,100%,9
coleman octagon blackout,1,1,100%,21
812654-011,1,1,100%,34
nike vs adidas vs puma,0,340,0%,7.16
www. ustimespost.com,0,146,0%,92.85
ustimespost.com,0,138,0%,87.24
torrid size chart,0,50,0%,1.78
asics dan gable ultraflex,0,33,0%,19.33
forum sport diagonal,0,31,0%,26.74
coachella outfits men,0,28,0%,4.32
ai lifecycle,0,27,0%,1
dreamscene dressing gowns,0,26,0%,7.69
first date outfit ideas,0,24,0%,10.79
ai platform,0,22,0%,65.73
tentworld toowoomba,0,18,0%,8.39
ssense asics,0,18,0%,11.11
regatta lumexia iii,0,18,0%,12.11
adidas sabalo negro,0,18,0%,30
ai integration,0,18,0%,42.5
pfenagri,0,14,0%,16.36
ssense rugs,0,14,0%,21.86
torrid bra size chart,0,12,0%,4.33
asics sunway pyramid,0,12,0%,6.08
puma abasto,0,12,0%,8.33
phshy,0,11,0%,6.27
matias martinez twitter,0,11,0%,9.09
couples matching outfits,0,11,0%,12.27
footlocker black friday,0,11,0%,19.55
hire api developers,0,11,0%,27.73
adidas sabalo negras,0,11,0%,32.91
berghaus elara gemini 3in1 jacket,0,11,0%,45.36
craghoppers pember,0,11,0%,46
air force foot locker,0,10,0%,9.3
power automate vs n8n,0,10,0%,10.4
adidas sabalo,0,10,0%,28.8
adidas retroset,0,10,0%,36.6
j23 twitter,0,9,0%,6.67
pantalones palazzo para bajitas,0,9,0%,8.11
23 is back jordan release dates,0,9,0%,11
teva 832 pill,0,9,0%,13
concert outfits women,0,9,0%,13.44
asics fortify,0,9,0%,19.33
what is an ai platform,0,9,0%,43.78
gaerne 2021 sg-12 boots (11) (solid red),0,9,0%,51.22
90s theme party outfits,0,8,0%,2.88
zapier vs make vs n8n vs microsoft power automate for small businesses,0,8,0%,4.38
zapier vs make vs n8n vs microsoft power automate 2026,0,8,0%,7.5
soldadora conarco 3300,0,8,0%,11
nike membership,0,8,0%,26.62
poleras techfit,0,8,0%,33.12
pantalones abiertos por abajo,0,7,0%,1
cepillo pelo mercadona,0,7,0%,2.86
outfit con tenis negros,0,7,0%,3.57
teen easter outfit,0,7,0%,4.57
retrospec groupset,0,7,0%,5
llanes resort,0,7,0%,5.86
tentworld burleigh,0,7,0%,7.43
dressbarn how to dress a pear body shape,0,7,0%,10.71
is dresslily legit,0,7,0%,11.43
tentworld fyshwick,0,7,0%,16.86
adidas confirmed,0,7,0%,19.29
vencano,0,7,0%,27.86
keld womens softshell long jacket,0,7,0%,30.14
electrodomésticos para cuidado personal pritech,0,7,0%,30.57
tutu du monde black friday,0,7,0%,37
zapier vs make vs n8n vs microsoft power automate comparison,0,6,0%,2.67
akshay kumar onitsuka tiger,0,6,0%,5.17
foot locker hammond aire baton rouge,0,6,0%,8.5
tappeiner jagd,0,6,0%,9
yde mall of africa,0,6,0%,9.5
foot locker santa maria,0,6,0%,10.83
nike più costose,0,6,0%,13
sneaktorious,0,6,0%,16.5
asics gel fortify,0,6,0%,26.17
bosi colombia,0,6,0%,30.33
camiseta adidas star wars hombre,0,6,0%,31.5
adidas mascarillas negras,0,6,0%,34.67
adidas lxcon green,0,6,0%,35.67
berghaus elara 3 in 1,0,6,0%,61.5
forum itaroa,0,6,0%,63.67
90s disco outfit,0,5,0%,1
ai development life cycle,0,5,0%,1
ai development lifecycle,0,5,0%,1
hawaiian outfit for men,0,5,0%,2.6
marche scarpe donna,0,5,0%,3.4
men coachella outfits,0,5,0%,4
niu bala,0,5,0%,5.8
832 teva yellow round pill,0,5,0%,6
footlocker canada website,0,5,0%,8.4
mac duggal madrid,0,5,0%,8.6
aritzia veranda dress,0,5,0%,8.8
aricxi tarp,0,5,0%,9.6
fundaisy flapper dress,0,5,0%,10.8
shekou clothing,0,5,0%,11.2
zudio western dress,0,5,0%,11.2
comprar equipos para soldar crown online,0,5,0%,17.8
regatta isotex 5000 womens jacket,0,5,0%,22.4
southbounder vest,0,5,0%,23
evasion 2 gtx salomon,0,5,0%,23.8
adidas nite jogger blancas,0,5,0%,24.6
camisetas adidas star wars,0,5,0%,31.2
pro shade canopy,0,5,0%,32.6
salomon evasion 2 gtx,0,5,0%,32.6
soccerhouse24,0,5,0%,32.8
liberto vaqueros,0,5,0%,33.2
chandal adidas azul hombre,0,5,0%,35.4
sarenza reso,0,5,0%,38.8
crema de noche lidl,0,5,0%,53.4
ai platforms,0,5,0%,67.6
aceite rosa mosqueta lidl,0,4,0%,1
jabulani balon coca,0,4,0%,1
puma para colorear,0,4,0%,1
jbl lx1000,0,4,0%,1.75
new balance 530 el corte inglés,0,4,0%,2
adidas phantom 1992,0,4,0%,2.5
outfit tenis negros,0,4,0%,3
vetting process for indian developers,0,4,0%,4.25
zapier vs make vs n8n vs microsoft power automate for small business,0,4,0%,4.75
mca movie sai pallavi dresses,0,4,0%,5
gardenline pop up gazebo,0,4,0%,5.25
zoestreetwear,0,4,0%,5.25
asics and onitsuka tiger same,0,4,0%,8
jackeroo tent,0,4,0%,8
asics 800xtr womens,0,4,0%,8.25
foot locker lanzarote,0,4,0%,8.75
"""running room""",0,4,0%,9.5
mejor limpiador baño ocu,0,4,0%,9.75
footlocker lanzarote,0,4,0%,10
hire llm engineers,0,4,0%,10
foot locker maximo,0,4,0%,10.5
umar poshak mehal,0,4,0%,10.5
ale hop punta umbría,0,4,0%,10.75
wn 1090,0,4,0%,11
are asics and onitsuka the same,0,4,0%,12
joanna hope batwing beaded dress,0,4,0%,12
gelert khaki raincoat,0,4,0%,12.5
mini motosierra bricomart,0,4,0%,12.5
asics ds light avante,0,4,0%,12.75
rotita wedding guest dresses,0,4,0%,13
matching outfits for couples,0,4,0%,13.5
os dez tênis mais caros do mundo,0,4,0%,14
alpargatas el ganso,0,4,0%,14.25
tentworld discount code,0,4,0%,15
promotruper,0,4,0%,15.5
nike dry team woven jacket aj3372,0,4,0%,18
ktm rc 150,0,4,0%,18.25
zalando,0,4,0%,18.25
nike windrunner jacket inwhitenike,0,4,0%,19
new balance wr996,0,4,0%,19.5
nike aj3372,0,4,0%,19.5
outwell oklahoma,0,4,0%,19.5
eurohike buckingham elite 8,0,4,0%,20.5
camisetas adidas human race,0,4,0%,21.75
hire remote chatbot developers,0,4,0%,23
scarpe basket 2022,0,4,0%,23.25
zapatillas adidas astrarun mujer,0,4,0%,25.5
duke 125 price in delhi,0,4,0%,26.25
cepillos pelo mercadona,0,4,0%,26.5
sudaderas adidas black friday,0,4,0%,27.75
mejor motosierra stihl,0,4,0%,28.5
zapatillas sooraj adidas,0,4,0%,28.75
salomon cosmic 4d 2 gtx,0,4,0%,29
chandal adidas mujer gris,0,4,0%,29.5
hoka one one hupana 2,0,4,0%,29.75
snowdonia hybrid jacket,0,4,0%,30
electrodomésticos pritech,0,4,0%,30.25
tribord,0,4,0%,30.25
compresora ingersoll rand 185 cfm,0,4,0%,30.5
adidas sabalo blancas,0,4,0%,30.75
tenis adidas sabalo hombre,0,4,0%,31
mascarillas adidas reutilizables,0,4,0%,33
segunda camiseta bayern,0,4,0%,33.25
chandal adidas amarillo hombre,0,4,0%,33.5
ropa de bebe adidas,0,4,0%,34.75
tog 24 hudson jacket,0,4,0%,34.75
pantalon gris adidas hombre,0,4,0%,37
adidas sc premiere,0,4,0%,37.5
foot locker launch locator,0,4,0%,39.5
adidas chandal azul,0,4,0%,40.5
adidas zx flux,0,4,0%,46
re 119 stihl,0,4,0%,47.25
oferta heliocare,0,4,0%,54.5
sierra electrica para madera,0,4,0%,69.25
padelandhelp,0,4,0%,86
columbia guia de tallas mujer,0,3,0%,1
combinación camisa gris hombre,0,3,0%,1
conan gray bershka,0,3,0%,1
dibujo de un puma para colorear,0,3,0%,1
new balance 320,0,3,0%,1
pañales lidl talla 6,0,3,0%,1
reine seide scarf,0,3,0%,1
zara size chart women,0,3,0%,1
ragf,0,3,0%,1.33
tallas columbia,0,3,0%,1.33
asdgag,0,3,0%,1.67
columbia tallas,0,3,0%,1.67
lisa adidas,0,3,0%,1.67
1984 coleman pop up camper,0,3,0%,2
columbia tabla de tallas,0,3,0%,2
onitsuka tiger and asics are same,0,3,0%,2
cruise by ilse jacobsen,0,3,0%,2.33
mint shoe cleaner,0,3,0%,2.67
hvnd,0,3,0%,3
tantu,0,3,0%,3
camp dome 405,0,3,0%,3.67
tanushree has a blue frock,0,3,0%,4
90s party outfit ideas,0,3,0%,4.67
"""moma bikes"" ""first class 2""",0,3,0%,5
23isback.com,0,3,0%,5
brave soul outdoor edition great northern exploration,0,3,0%,5
como hacer una ingletadora casera,0,3,0%,5
marche di scarpe famose donna,0,3,0%,6.67
teva 832 yellow round pill,0,3,0%,7
teva pill 832,0,3,0%,7
fruugo bh,0,3,0%,7.67
grapas lidl,0,3,0%,7.67
ktm rc 150 price,0,3,0%,7.67
longo calzature,0,3,0%,7.67
tentworld canberra,0,3,0%,7.67
wegotsoccer.com,0,3,0%,8
www.simplyhike.co.uk,0,3,0%,8
asics healthcare discount,0,3,0%,8.33
zara vaqueros hombre,0,3,0%,8.33
reebok jewel,0,3,0%,9
dressbarn pear body shape how to dress,0,3,0%,9.33
hoka baseball glove review,0,3,0%,9.33
neck design for kameez,0,3,0%,9.33
regatta isotex cleaner,0,3,0%,9.33
karsten inflatable tent,0,3,0%,9.67
alough,0,3,0%,10
nike training club,0,3,0%,10
onitsuka tiger serrano slip‑on 1183a238”,0,3,0%,10.33
pantalones easy wear mujer,0,3,0%,10.33
foot locker richmond,0,3,0%,10.67
tentworld tweed heads,0,3,0%,10.67
7sportshop erfahrung,0,3,0%,11
lijadora roto orbital bauker,0,3,0%,11
xtm rooftop tent,0,3,0%,11
drudd italia,0,3,0%,11.33
foot locker bayshore,0,3,0%,11.33
n8n vs power automate,0,3,0%,11.33
yeezy slide flax reviews,0,3,0%,11.33
adidas plaza imperial,0,3,0%,11.67
asics gel ikaia 7,0,3,0%,11.67
casual first date outfit,0,3,0%,11.67
scarpe comode per viaggiare,0,3,0%,11.67
codigo promocional foot locker,0,3,0%,12.33
is asics and onitsuka same,0,3,0%,12.33
uovo di pasqua nike,0,3,0%,12.33
le nike più costose al mondo,0,3,0%,12.67
nike maquinista,0,3,0%,12.67
tent world fyshwick,0,3,0%,13
"1. ""what is ai integration?""",0,3,0%,13.33
coleman tent carpet,0,3,0%,14.67
helly hansen impertech rain gear,0,3,0%,16.33
columbia cougar flats tent,0,3,0%,16.67
new balance ml1980,0,3,0%,17.33
careperro adidas,0,3,0%,18.33
jack wolfskin selenium coat,0,3,0%,18.67
lapasa holiday sale,0,3,0%,18.67
dainese solarys gore-tex boots black,0,3,0%,19
pantalones adidas baloncesto,0,3,0%,19.33
nike aj3372 nike,0,3,0%,19.67
chandal adidas blanco mujer,0,3,0%,20
hermes feather scarf,0,3,0%,20.67
nike dry team woven jacket aj3372 black,0,3,0%,20.67
ozark trail instant canopy 13x13,0,3,0%,20.67
código descuento foot locker,0,3,0%,21
tallas calzado columbia,0,3,0%,21
shopbop ted baker,0,3,0%,21.33
guantes predator adidas rosas,0,3,0%,21.67
joules rita dressing gown,0,3,0%,21.67
new balance 670,0,3,0%,21.67
nike dry team woven jacket aj3372 blacknike,0,3,0%,21.67
fallas comunes en soldadoras inverter,0,3,0%,22
joanna hope deco beaded dress,0,3,0%,22
guantes de portero rosas adidas,0,3,0%,22.67
adidas pharrell williams sudadera,0,3,0%,23.33
jack wolfskin argon storm jacket,0,3,0%,23.33
adidas forest grove mujer,0,3,0%,24.33
guantes de boxeo adidas rosas,0,3,0%,24.33
pantalon termico adidas,0,3,0%,24.33
offshore ml engineer,0,3,0%,25
asics gel frantic,0,3,0%,25.33
diadora trident s sw,0,3,0%,25.33
monsoon lindsay maxi dress,0,3,0%,25.33
zion yurts,0,3,0%,25.67
asics gel-nimbus 18 mujer,0,3,0%,26
zapatillas adidas pureboost go,0,3,0%,26
foulie,0,3,0%,26.33
nike x skepta track jacket nike,0,3,0%,26.33
adidas ozweego naranja,0,3,0%,27
asics noosa ff 2 women,0,3,0%,27
coleman hooligan,0,3,0%,27.33
giant hat tents to buy,0,3,0%,27.33
match 3.0,0,3,0%,27.67
pandora rings uk,0,3,0%,27.67
nike store,0,3,0%,28
everlane renew anorak review,0,3,0%,28.33
pantalon corto adidas gris hombre,0,3,0%,28.33
pantalon easy wear mujer,0,3,0%,28.33
pantalon corto adidas gris,0,3,0%,28.67
firebox bushcraft camp stove kit,0,3,0%,29.33
nike sb dunk low iw white black,0,3,0%,30
raulsmith recensioni,0,3,0%,30
men's u.s. marines corps jacket,0,3,0%,30.33
sailmaker rain jacket,0,3,0%,30.33
balon de la champions 2017,0,3,0%,30.67
ivy park asos,0,3,0%,31
joules brookside waterproof jacket,0,3,0%,31
hire salesforce commerce cloud developers,0,3,0%,31.67
hire salesforce lightning developers,0,3,0%,31.67
zapatilla sabalo adidas,0,3,0%,32
striped superstar jorts,0,3,0%,32.67
cien crema lidl,0,3,0%,33
zapatillas adidas north star,0,3,0%,33
adidas presents,0,3,0%,33.33
joules loxley raincoat,0,3,0%,33.33
mascarilla adidas negra,0,3,0%,33.33
mascarillas negras adidas,0,3,0%,33.33
pantalones baloncesto adidas,0,3,0%,33.67
mascarilla negra adidas,0,3,0%,34
h2no performance standard,0,3,0%,35.33
gore c7 windstopper pro jacket,0,3,0%,35.67
adidas x pharrell williams sudadera,0,3,0%,36
sudadera adidas x pharrell williams,0,3,0%,36
adidas eqt gazelle,0,3,0%,36.67
pantalon naranja adidas,0,3,0%,37.67
brigg office supplies,0,3,0%,40.67
salomon quest / cosmic,0,3,0%,40.67
mother daughter screw feeder,0,3,0%,42
lijadoras leroy merlin,0,3,0%,42.33
shopbop roller rabbit,0,3,0%,42.33
camiseta visitante boca juniors,0,3,0%,42.67
adidas courtmaster trainers,0,3,0%,43
zapatillas fila hombre,0,3,0%,43
chandal adidas naranja,0,3,0%,43.33
karcher parkside lidl,0,3,0%,44
taladro 1000w,0,3,0%,45
aje swimwear,0,3,0%,45.67
cierra de banco makita,0,3,0%,52.33
foot locker el mirador,0,3,0%,55.67
sundry shopbop,0,3,0%,58.67
serrucho significado,0,3,0%,62
club monaco shopbop,0,3,0%,64.67
720 nike,0,3,0%,67.67
90s party outfits,0,2,0%,1
ai product development life cycle,0,2,0%,1
asics sala,0,2,0%,1
cerveza paulaner lidl precio,0,2,0%,1
ch2668,0,2,0%,1
combinar camisa gris hombre,0,2,0%,1
crocs con tacón balenciaga,0,2,0%,1
cute black dress,0,2,0%,1
dunk multicolor,0,2,0%,1
eurohike stowe,0,2,0%,1
farwest gore tex jacket,0,2,0%,1
gn3415,0,2,0%,1
hombres vestidos elegante sport,0,2,0%,1
jeane blush dress,0,2,0%,1
jeantex t3000,0,2,0%,1
jordan 4 per off white,0,2,0%,1
life cycle of ai,0,2,0%,1
malenya,0,2,0%,1
men coachella outfit,0,2,0%,1
modern hawaiian outfit for female,0,2,0%,1
princess and the frog couples costume,0,2,0%,1
puma ouninpohja,0,2,0%,1
tabla de tallas columbia hombre,0,2,0%,1
tallas columbia mujer,0,2,0%,1
traje de caporal hombre,0,2,0%,1
vans shoes celebrities,0,2,0%,1
zapier vs make vs n8n vs power automate comparison 2025,0,2,0%,1
cepillo pelo mercadona precio,0,2,0%,1.5
cepillo redondo mercadona,0,2,0%,1.5
brandy melville lucy windbreaker,0,2,0%,2
cepillo pelo deliplus mercadona,0,2,0%,2
coleman lakeside 3,0,2,0%,2
lidl rotary washing line,0,2,0%,2
rulon gardner shoes,0,2,0%,2
sudaderas rojas primark,0,2,0%,2
zapier vs make vs n8n vs power automate,0,2,0%,2
zapier vs make vs n8n vs power automate comparison,0,2,0%,2
come si fanno i pon pon con la lana,0,2,0%,2.5
8246/049/712,0,2,0%,3
av2187-001,0,2,0%,3
columbia guia de tallas,0,2,0%,3
jackeroo 12 person dome tent,0,2,0%,3
ktm duke 125 price in nepal,0,2,0%,3
lfc nike mens white heritage jacket,0,2,0%,3
nike guida alle taglie scarpe,0,2,0%,3
rinascente abiti da cerimonia,0,2,0%,3
sai pallavi dresses in mca movie,0,2,0%,3
"""beacon dry"" dehumidifier",0,2,0%,3.5
continental dirt jump tires,0,2,0%,3.5
fillaritori.com,0,2,0%,3.5
simeil,0,2,0%,3.5
hinterland instant tent,0,2,0%,4
jeans cropped flare zara,0,2,0%,4
walgreens leggings,0,2,0%,4
554724-079,0,2,0%,4.5
peloton patio furniture review,0,2,0%,4.5
royal blue cape dress,0,2,0%,4.5
scolari bulones,0,2,0%,4.5
blair waldorf wedding dress elie saab buy,0,2,0%,5
boolopo,0,2,0%,5
fuikaomar es fiable,0,2,0%,5
lidl paulaner,0,2,0%,5
mom jeans stradivarius,0,2,0%,5
tradeinn,0,2,0%,5
youtube65039,0,2,0%,5
h2no vs gore tex,0,2,0%,5.5
93c3351c,0,2,0%,6
coleman nevada,0,2,0%,6
eddie bauer screen house,0,2,0%,6
leakhub nude,0,2,0%,6
pittarello fotos,0,2,0%,6
"zapier vs make vs n8n vs microsoft power automate vs airtable automations 
comparison 2025",0,2,0%,6
hotvisp,0,2,0%,6.5
mckinley aquamax elite,0,2,0%,6.5
mec wanderer 4,0,2,0%,6.5
orvis encounter rain jacket,0,2,0%,6.5
outfit jean claro hombre,0,2,0%,6.5
queso quark lidl,0,2,0%,6.5
stockman weekender,0,2,0%,6.5
tabla de tallas columbia,0,2,0%,6.5
tentworld gold coast,0,2,0%,6.5
vaqueros hombre zara,0,2,0%,6.5
z supply melina dress,0,2,0%,6.5
asics sunway pyramid reviews,0,2,0%,7
foot locker washington heights,0,2,0%,7
gemni 3,0,2,0%,7
goth rain jacket,0,2,0%,7
marche di scarpe italiane economiche,0,2,0%,7
nike jacobs,0,2,0%,7
salomon lyngen mid gtx w,0,2,0%,7
tenis phat farm,0,2,0%,7
urban escape 4 man tent,0,2,0%,7
zapier vs make vs n8n vs microsoft power automate ratings,0,2,0%,7
"""kampa dometic studland 6 classic air""",0,2,0%,7.5
alfeice,0,2,0%,7.5
beta lt pant hadron,0,2,0%,7.5
boletos san luis vs pumas,0,2,0%,7.5
contubernia,0,2,0%,7.5
kashees matha patti,0,2,0%,7.5
lijadora leroy,0,2,0%,7.5
nike bruin leather mcfly,0,2,0%,7.5
odum.cl,0,2,0%,7.5
precio,0,2,0%,7.5
wanderer kalbarri instant tent 8 person,0,2,0%,7.5
webuyanyvan.com,0,2,0%,7.5
asian future-01 running shoes reviews,0,2,0%,8
coleman octagon 98,0,2,0%,8
mec wanderer 2,0,2,0%,8
mejores limpiadores de baño segun la ocu,0,2,0%,8
modern disney princess outfit,0,2,0%,8
nike rodengo saiano,0,2,0%,8
adi windbreaker limited edition,0,2,0%,8.5
easter outfits for teen girls,0,2,0%,8.5
footlocker promo,0,2,0%,8.5
meloonpro,0,2,0%,8.5
synthetics superstar jacket,0,2,0%,8.5
zapatillas hitler,0,2,0%,8.5
"""cole haan grand crosscourt ii"" release date",0,2,0%,9
23isback release,0,2,0%,9
anuncio de zapatillas u power,0,2,0%,9
dibujo de puma para colorear,0,2,0%,9
dustin comfortech,0,2,0%,9
lippi 3 en 1,0,2,0%,9
matalan rain coat,0,2,0%,9
nemeziz verdes,0,2,0%,9
nike via cola di rienzo,0,2,0%,9
nishiki race hybrid comp,0,2,0%,9
puma lab,0,2,0%,9
slim laptop backpacks like tumi recommendations korea,0,2,0%,9
trinx dolphin 3.0,0,2,0%,9
trusted tools for full-stack automation,0,2,0%,9
velmia motorcycle cover,0,2,0%,9
zapier vs make vs n8n vs microsoft power automate 2026 comparison,0,2,0%,9
camiseta uc 2021,0,2,0%,9.5
forum chandal mujer,0,2,0%,9.5
jojo splish splash,0,2,0%,9.5
maglia orange county tedua,0,2,0%,9.5
nike air force women's foot locker,0,2,0%,9.5
nike numero verde,0,2,0%,9.5
prix,0,2,0%,9.5
quechua air seconds 6.3 xl,0,2,0%,9.5
tienda puma en guadalajara,0,2,0%,9.5
zapier vs make vs n8n vs microsoft power automate comparison 2026,0,2,0%,9.5
"""welcome"" asos promo code",0,2,0%,10
adidas cayetana,0,2,0%,10
"dressbarn ""how to dress a pear body shape"" outfit ideas",0,2,0%,10
dressbarn how to dress pear body shape,0,2,0%,10
fbi raincoat,0,2,0%,10
gemni3,0,2,0%,10
harbeth m40.1,0,2,0%,10
jack wolfskin travel lodge rt,0,2,0%,10
lucus yeezy,0,2,0%,10
nike store roma cola di rienzo,0,2,0%,10
people plays bucaramanga,0,2,0%,10
superstar outfit hombre,0,2,0%,10
asics sunway,0,2,0%,10.5
gore ardent fade bib shorts,0,2,0%,10.5
hire dedicated game designers in india,0,2,0%,10.5
outlet new balance las rozas,0,2,0%,10.5
shando ruju new balance,0,2,0%,10.5
sheike.com.au,0,2,0%,10.5
bayshore shoe store,0,2,0%,11
cupon de descuento reebok,0,2,0%,11
dreamcore outfit ideas,0,2,0%,11
eddie bauer 6 person tent,0,2,0%,11
eddie bauer tent 6 person,0,2,0%,11
mec synergy gore-tex jacket,0,2,0%,11
mini compresor lidl parkside,0,2,0%,11
mojave 5 tent,0,2,0%,11
nahodsa,0,2,0%,11
nike store barcelona - la maquinista fotos,0,2,0%,11
nike store milan,0,2,0%,11
peloton camping stove review,0,2,0%,11
pittarello modena,0,2,0%,11
skechers qvc donna,0,2,0%,11
tommy hilfiger dresses tj maxx,0,2,0%,11
veranda dress aritzia,0,2,0%,11
bags like tumi,0,2,0%,11.5
changomas hidrolavadora,0,2,0%,11.5
gelert yellow raincoat,0,2,0%,11.5
jordan più costose,0,2,0%,11.5
kameez neck design,0,2,0%,11.5
luofanni bag,0,2,0%,11.5
scarpe più costose al mondo,0,2,0%,11.5
tentworld warana,0,2,0%,11.5
ventas por whatsapp adidas,0,2,0%,11.5
zudio western dresses,0,2,0%,11.5
zudio western wear,0,2,0%,11.5
cannondale vs bowflex,0,2,0%,12
dorris bridal reviews,0,2,0%,12
ems thunderhead jacket,0,2,0%,12
mec wanderer 2 tent,0,2,0%,12
nike fidenza village,0,2,0%,12
nike più costose al mondo,0,2,0%,12
pittarosso modena,0,2,0%,12
puma king maradona super,0,2,0%,12
router para madera segunda mano,0,2,0%,12
salomon evasion mid gtx,0,2,0%,12
valve vs fabletics,0,2,0%,12
jordan piu costose al mondo,0,2,0%,12.5
nike shox rivalry,0,2,0%,12.5
caterpillar madrid,0,2,0%,13
naturehike cirrus 2,0,2,0%,13
nike più costose del mondo,0,2,0%,13
nike porte di roma,0,2,0%,13
pantalones sfera hombre,0,2,0%,13
dorris wedding reviews,0,2,0%,13.5
grad dress inspo,0,2,0%,13.5
high-rise coated skinny pants windsor,0,2,0%,13.5
le nike più costose,0,2,0%,13.5
barbour international outlaw jacket,0,2,0%,14.5
edgy dresses for women,0,2,0%,14.5
hire lightning developers,0,2,0%,14.5
husband and wife matching outfits,0,2,0%,14.5
lewis hamilton zapatos,0,2,0%,14.5
mega tents,0,2,0%,14.5
swap meet canopy,0,2,0%,14.5
yellow round teva 832,0,2,0%,14.5
gstove cooking view camping stove,0,2,0%,15
jordan 23 engineered,0,2,0%,15
nike air force 1 shadow summit white team orange,0,2,0%,15
tan skin tone,0,2,0%,15
luau party clothes ideas,0,2,0%,15.5
nike reissue walliwaw woven jacket,0,2,0%,15.5
bosi zapatos,0,2,0%,16
heydudeshoesusa,0,2,0%,16
hilo de cobre para soldar,0,2,0%,16
mary kate olsen tevas,0,2,0%,16
parkside multiherramienta,0,2,0%,16
rotita dresses for wedding guest,0,2,0%,16
air force 1 tear away,0,2,0%,16.5
footlocker asia,0,2,0%,16.5
nike dart,0,2,0%,16.5
funk,0,2,0%,17
joanna hope beaded wedding dress,0,2,0%,17
womens climastorm,0,2,0%,17
dhb aeron storm flt,0,2,0%,17.5
foot locker 181st,0,2,0%,17.5
stihl 025 precio,0,2,0%,17.5
teva reember commute,0,2,0%,17.5
unlisted shoes,0,2,0%,17.5
columbia ventrailia,0,2,0%,18
equivalencia tallas calzado,0,2,0%,18
kids foot locker,0,2,0%,18
n8n power automate integration,0,2,0%,18
power automate vs zapier comparison 2025 2026,0,2,0%,18
tenis ecko unltd hombre,0,2,0%,18
alps mountaineering chaos 2,0,2,0%,18.5
come calzano le mcqueen,0,2,0%,18.5
gore c5 windstopper trail pants,0,2,0%,18.5
nikelab acg 2 in 1 nike,0,2,0%,18.5
yellow round pill teva 832,0,2,0%,18.5
dresslily reviews,0,2,0%,19
hobby sport via candia,0,2,0%,19
tipi makers,0,2,0%,19
tribord mens jacket,0,2,0%,19
columbia cougar flats ii tent,0,2,0%,19.5
puma 190461,0,2,0%,19.5
regina cappelli,0,2,0%,19.5
tente woods 8 personnes,0,2,0%,19.5
what is ai platform,0,2,0%,19.5
hampton 8dlx nightfall,0,2,0%,20
mec cabin 6,0,2,0%,20
dc vandium,0,2,0%,20.5
gore ardent shorts,0,2,0%,20.5
pantalon wados mujer,0,2,0%,20.5
pu superstar track top,0,2,0%,20.5
rotary washing line lidl,0,2,0%,20.5
zapatillas adidas sabalo hombre,0,2,0%,20.5
be urban running cupon descuento,0,2,0%,21
carhartt prentis pullover,0,2,0%,21
cupón descuento adidas,0,2,0%,21
código promocional foot locker,0,2,0%,21
giant hat kata tents to buy,0,2,0%,21
grapadora lidl bateria,0,2,0%,21
guantes adidas rojos,0,2,0%,21
jack wolfskin cape york coat,0,2,0%,21
millonarios fc rompevientos,0,2,0%,21
phase eight yas printed dress,0,2,0%,21
gore tex shakedry running jacket,0,2,0%,21.5
new balance 320 hombre,0,2,0%,21.5
thehoffbrand,0,2,0%,21.5
torno jet,0,2,0%,21.5
vince clothing rental,0,2,0%,21.5
lioness steinway mini dress,0,2,0%,22
nike pl,0,2,0%,22
stayer mig 160 multi,0,2,0%,22
tacos de fútbol de messi,0,2,0%,22
tribord jacket women's,0,2,0%,22
adidas solardrive,0,2,0%,22.5
finejo,0,2,0%,22.5
footlocker westfield stratford,0,2,0%,22.5
lanci nike,0,2,0%,22.5
adidas iniki,0,2,0%,23
azatom home hub q,0,2,0%,23
chaco resole,0,2,0%,23
colorado timberline shopify,0,2,0%,23
joules coast jacket,0,2,0%,23
kampa kielder 4 air tent,0,2,0%,23
new balance wr996 grau,0,2,0%,23
short de crossfit mujer,0,2,0%,23
sudadera kill off,0,2,0%,23
ubesgoo hot plate,0,2,0%,23
vestido spaghetti strap adidas,0,2,0%,23
zapatillas adidas sabalo,0,2,0%,23
electrodomésticos para cocina pritech,0,2,0%,23.5
jack wolfskin mens troposphere jacket,0,2,0%,23.5
jack wolfskin park avenue jacket,0,2,0%,23.5
jimmy choo genevi,0,2,0%,23.5
ortopedia florencio,0,2,0%,23.5
scarpe santoni uomo invernali,0,2,0%,23.5
mascarilla off-white,0,2,0%,24
berghaus carnell,0,2,0%,24.5
ciabatte adidas bambina rosa,0,2,0%,24.5
layla bow dress phase eight,0,2,0%,24.5
tienda oficial adidas españa,0,2,0%,24.5
asics gel cumulus 15,0,2,0%,25
wados jeans mujer,0,2,0%,25
zapatillas adidas nite jogger para hombre,0,2,0%,25
b.tempt’d black friday,0,2,0%,25.5
chatbot developers for hire,0,2,0%,25.5
chándal adidas mujer rebajas,0,2,0%,25.5
dupont yurts,0,2,0%,25.5
fpl manager jacket,0,2,0%,25.5
heattech warm lined pants,0,2,0%,25.5
hire remote haml developers,0,2,0%,25.5
lacci off white,0,2,0%,25.5
pac a parka,0,2,0%,25.5
adidas sabalo hombre,0,2,0%,26
deportes denim,0,2,0%,26
lacci scarpe off white,0,2,0%,26
negozi scarpe da basket,0,2,0%,26
polsini basket,0,2,0%,26
bershka x conan gray,0,2,0%,26.5
gabor splendid court shoes,0,2,0%,26.5
guantes de portero adidas rosas,0,2,0%,26.5
phase eight frances dress,0,2,0%,26.5
کفش کوهنوردی سالامون,0,2,0%,26.5
adidas questra,0,2,0%,27
nylon superstar track top,0,2,0%,27
rukka stretchdry gore tex,0,2,0%,27
blaest rainwear online shop,0,2,0%,27.5
ciabatta yeezy,0,2,0%,27.5
flame retardant free tents,0,2,0%,27.5
hire api developer,0,2,0%,27.5
nite jogger,0,2,0%,27.5
guantes de portero adidas azules,0,2,0%,28.5
k swiss men,0,2,0%,28.5
short para crossfit mujer,0,2,0%,28.5
berghaus monic gemini 3in1 jacket,0,2,0%,29
espinilleras adidas x pro,0,2,0%,29
georgia dress phase eight,0,2,0%,29
queso sin lactosa lidl,0,2,0%,29
pantalon adidas naranja,0,2,0%,29.5
adidas originals chaqueta de chándal superstar,0,2,0%,30
adidas x15,0,2,0%,30
chandal azul adidas hombre,0,2,0%,30
foot locker fort worth,0,2,0%,30
gstove heat view camping stove,0,2,0%,30
iniki adidas,0,2,0%,30
jack wolfskin cold bay coat,0,2,0%,30
nike downshifter 8 men,0,2,0%,30
pantalones adidas naranjas,0,2,0%,30
zapatillas river plate,0,2,0%,30
ax paris discount codes,0,2,0%,30.5
gstove camping stove,0,2,0%,30.5
quechua arpenaz 300,0,2,0%,30.5
chandal adidas mujer azul,0,2,0%,31
lidl radial bateria,0,2,0%,31
ted baker shopbop,0,2,0%,31
trespass 6 man tent,0,2,0%,31
zapatillas sabalo adidas,0,2,0%,31
kuiu northridge,0,2,0%,31.5
musto stretch technical gore tex tweed jacket,0,2,0%,31.5
levis 519 hi ball,0,2,0%,32
nike ohio state bomber jacket,0,2,0%,32
"""gore wear"" jersey",0,2,0%,32.5
adidas gl0548,0,2,0%,32.5
ck9671-001,0,2,0%,32.5
nike zoom pegasus turbo 2 women,0,2,0%,32.5
pantalon chandal gris adidas hombre,0,2,0%,32.5
rimo r,0,2,0%,32.5
rimo r rukka,0,2,0%,32.5
salomon x ultra 3 ltr gtx,0,2,0%,32.5
xti store elche,0,2,0%,32.5
chino stretch tent,0,2,0%,33
hire chatbot developers,0,2,0%,33
zapatillas marathon tech adidas,0,2,0%,33
chaqueta adidas amarilla,0,2,0%,33.5
rukka rimo r gore tex textile jacket,0,2,0%,33.5
coleman fastpitch air valdes,0,2,0%,34
pantalon chandal adidas rojo hombre,0,2,0%,34
sudaderas adidas mujer,0,2,0%,34
zapatillas miles morales adidas,0,2,0%,34
berghaus rothley jacket,0,2,0%,34.5
chanclas adidas boost,0,2,0%,34.5
commouds,0,2,0%,34.5
adidas retroset sneakers,0,2,0%,35
air force 180,0,2,0%,35
are reebok shoes good for plantar fasciitis?,0,2,0%,35
saucony guide 13 (s20548),0,2,0%,35
columbia jacket how to wash,0,2,0%,35.5
nemeziz adidas azules,0,2,0%,35.5
billabong transport windbreaker,0,2,0%,36
ecco m golf biom cool pro,0,2,0%,36
jordan neonato,0,2,0%,36
pantalon verde adidas mujer,0,2,0%,36
seasalt pencil box dress,0,2,0%,36
zapatillas adidas alphabounce instinct,0,2,0%,36.5
afilador de cuchillos con lija de banda,0,2,0%,37
navis marine clothing,0,2,0%,37
pantalon adidas hombre rojo,0,2,0%,37
sudadera verde adidas louis tomlinson,0,2,0%,37
zapatilla adidas 3mc hombre,0,2,0%,37
rukka armas jacket,0,2,0%,37.5
superstar bambas,0,2,0%,37.5
alquiler sierra de calar para madera,0,2,0%,38
chandal adidas azul,0,2,0%,38.5
footlocker black friday sale,0,2,0%,38.5
new balance influencers,0,2,0%,38.5
pantalon adidas gris,0,2,0%,38.5
vcqfx380lp-t,0,2,0%,38.5
adidas superstar queen,0,2,0%,39
brooks ghost 13 hombre,0,2,0%,39
chaqueta adidas amarilla mujer,0,2,0%,39
gk8161,0,2,0%,39
głośniki bluetooth hmdx ranking,0,2,0%,39
pantalones adidas abiertos,0,2,0%,39
tussah dresses myer,0,2,0%,39
mascarillas adidas,0,2,0%,39.5
mascarillas lavables adidas,0,2,0%,39.5
pantalon rojo adidas hombre,0,2,0%,39.5
adidas sense boost,0,2,0%,40
asics noosa ff2,0,2,0%,40
ax paris voucher code,0,2,0%,40
chaqueta vrct adidas hombre,0,2,0%,40
adidas carbon control 1.7,0,2,0%,40.5
adidas senseboost,0,2,0%,40.5
adidas stan smith donna nere,0,2,0%,40.5
scarpe nike nadal,0,2,0%,40.5
zapatillas hombre fila,0,2,0%,40.5
canvas tents canada,0,2,0%,41
lupilu talla 5,0,2,0%,41
outlet de camper,0,2,0%,41
traje hugo boss outlet,0,2,0%,41
ax paris promo code,0,2,0%,41.5
mascarillas adidas hombre,0,2,0%,41.5
sunderland waterproofs,0,2,0%,41.5
how to wash gore-tex shoes,0,2,0%,42
chaqueta adidas zne hombre,0,2,0%,42.5
sugoi rse neoshell jacket ladies,0,2,0%,42.5
antiojeras lidl,0,2,0%,43.5
centro comercial la maquinista tiendas,0,2,0%,43.5
material para topografia,0,2,0%,43.5
mochila spiderman adidas,0,2,0%,43.5
retroset adidas,0,2,0%,43.5
scarpe per correre sul tapis roulant,0,2,0%,43.5
balmain tassel dress,0,2,0%,44
jukebox hire melbourne,0,2,0%,44
scarpe adidas continental 80 nere,0,2,0%,44.5
adidas verdi stan smith,0,2,0%,45
bosch pts,0,2,0%,45
adidas adicolor windbreaker,0,2,0%,46
alquiler amoladora batería,0,2,0%,46
comida peces lidl,0,2,0%,46
bristol herramientas,0,2,0%,47
adidas terrex barrancos,0,2,0%,47.5
fifarenderz,0,2,0%,48
alquiler amoladora a batería,0,2,0%,48.5
sporthill,0,2,0%,48.5
nike factory,0,2,0%,49
converse color arena,0,2,0%,50
adidas jogger mujer,0,2,0%,51
jack wolfskin frozen lake coat reviews,0,2,0%,51
jogger para mujer adidas,0,2,0%,51
lord and taylors,0,2,0%,51
tog 24 seamer coat,0,2,0%,51
leggins mujer bershka,0,2,0%,51.5
tachones adidas,0,2,0%,51.5
nike sb fokus,0,2,0%,53
bosi online colombia,0,2,0%,53.5
polar acg,0,2,0%,54
rag llm,0,2,0%,54.5
foot locker coupon code,0,2,0%,55
needle and thread shopbop,0,2,0%,56.5
jordan 11 oreos,0,2,0%,57
captiano,0,2,0%,59
nemo kunai 3p,0,2,0%,59
birkenstock outlet shop,0,2,0%,59.5
ue megablast,0,2,0%,60
ai integrations,0,2,0%,60.5
lidl envasadora al vacio,0,2,0%,61
flip-flop repair for beachwear,0,2,0%,62
que es un rotomartillo,0,2,0%,66
lord and taylor credit card,0,2,0%,67.5
"cheap portable garage,garages,transactional",0,2,0%,70.5
foot locker parque sur,0,2,0%,73.5
equipo de topografia,0,2,0%,79
jordan 4 off white sail,0,2,0%,79
supreme made in vietnam,0,2,0%,81
21run black friday,0,2,0%,83
whiteout norrona,0,2,0%,87
192257-07,0,1,0%,1
267403,0,1,0%,1
3 room jeep tent,0,1,0%,1
584135,0,1,0%,1
60222268,0,1,0%,1
90s party clothes,0,1,0%,1
adidas neo x selena gomez,0,1,0%,1
adidas predator 2010,0,1,0%,1
adidas predator beckham 2006,0,1,0%,1
adidas stabil 2006,0,1,0%,1
adidas stan smith look,0,1,0%,1
adidas superstar camufladas,0,1,0%,1
adidas superstar outfit hombre,0,1,0%,1
adidas wolverine predator,0,1,0%,1
af1 summit white,0,1,0%,1
ai in product development lifecycle,0,1,0%,1
ai model life cycle,0,1,0%,1
air max ltd 2,0,1,0%,1
air max mid winter,0,1,0%,1
akshay kumar wearing shoes,0,1,0%,1
aladdin wedding outfit,0,1,0%,1
aloe vera lidl,0,1,0%,1
aloe vera lidl precio,0,1,0%,1
alpinestars s-mx5,0,1,0%,1
anaconda airborne,0,1,0%,1
angelcore outfits,0,1,0%,1
aquarius lidl,0,1,0%,1
argallera,0,1,0%,1
armani logo,0,1,0%,1
artificial intelligence life cycle,0,1,0%,1
asics 1011b185,0,1,0%,1
asics ard racing shoes,0,1,0%,1
baquelita de medidor,0,1,0%,1
bb550pb1,0,1,0%,1
berghaus trango extrem,0,1,0%,1
berghaus velum,0,1,0%,1
billie eilish and grace kelly,0,1,0%,1
black men easter outfits,0,1,0%,1
blair waldorf wedding dress elie saab,0,1,0%,1
boho theme party outfit,0,1,0%,1
botones adidas,0,1,0%,1
bq6472-308,0,1,0%,1
british army brogues,0,1,0%,1
ca 06311,0,1,0%,1
ca06311,0,1,0%,1
camiseta de boca 2022,0,1,0%,1
camp dome 410 tent,0,1,0%,1
cappello regina elisabetta,0,1,0%,1
cd0419-010,0,1,0%,1
cf3489 adidas,0,1,0%,1
cher horowitz white dress,0,1,0%,1
clam trapper,0,1,0%,1
combinaciones de saco azul marino,0,1,0%,1
combinar camisa azul,0,1,0%,1
combinar saco azul marino,0,1,0%,1
como combinar adidas superstar hombre,0,1,0%,1
como combinar americana azul,0,1,0%,1
como combinar un saco azul marino,0,1,0%,1
como combinar una camisa azul,0,1,0%,1
como combinar zapatos azules hombre,0,1,0%,1
congolese traditional wedding dress,0,1,0%,1
couples matching formal outfits,0,1,0%,1
crocs balenciaga tacon,0,1,0%,1
cuánto cuesta este producto,0,1,0%,1
dc rojas con blanco,0,1,0%,1
disegni nike da colorare,0,1,0%,1
dreamcore outfit,0,1,0%,1
drill master pulidora,0,1,0%,1
echo satin jacket,0,1,0%,1
edmund hillary nylon tent,0,1,0%,1
felpa jordan gialla,0,1,0%,1
florida keys outlet marketplace,0,1,0%,1
forest green air max 95,0,1,0%,1
frozen elsa purple dress,0,1,0%,1
fz0963,0,1,0%,1
ganni charron,0,1,0%,1
george costanza gore tex,0,1,0%,1
giselle pink dress enchanted,0,1,0%,1
gk8829 adidas,0,1,0%,1
greenland pile fleece,0,1,0%,1
groupset retrospec,0,1,0%,1
gt talera 3.0,0,1,0%,1
guantes predator rojos,0,1,0%,1
guia de tallas zapatillas columbia mujer,0,1,0%,1
hamburguesa vegetariana lidl,0,1,0%,1
hammond aire plaza,0,1,0%,1
jabulani balón coca,0,1,0%,1
jabulani coca,0,1,0%,1
jane birkin crochet dress,0,1,0%,1
jeans y saco,0,1,0%,1
jennie hylt,0,1,0%,1
jennie red dress,0,1,0%,1
jennie solo outfit red,0,1,0%,1
jersey xolos 2015,0,1,0%,1
jisoo kill this love outfit,0,1,0%,1
jordan clever,0,1,0%,1
kangoo rotomartillo,0,1,0%,1
kd 11 green,0,1,0%,1
korean style outfits men,0,1,0%,1
kovil.ai,0,1,0%,1
la pelicula de adidas y puma,0,1,0%,1
levis tipo converse,0,1,0%,1
lifecycle of ai,0,1,0%,1
lijadora triangular parkside,0,1,0%,1
marca deportiva con h,0,1,0%,1
marca deportiva h,0,1,0%,1
marche di scarpe italiane famose,0,1,0%,1
marche di scarpe sportive,0,1,0%,1
marilyn monroe dress gif,0,1,0%,1
men's hawaiian outfit,0,1,0%,1
microsoft power automate vs n8n,0,1,0%,1
miles morales zapatillas,0,1,0%,1
miu miu lisa,0,1,0%,1
mocasines hombre baratos,0,1,0%,1
modern hawaiian outfit for male,0,1,0%,1
nashville brunch outfit,0,1,0%,1
nata sin lactosa lidl,0,1,0%,1
nb570,0,1,0%,1
new balance 150,0,1,0%,1
new balance 734,0,1,0%,1
new balance wt10,0,1,0%,1
new balance wx452,0,1,0%,1
nike acg 2 in 1 jacket,0,1,0%,1
nike cortez brazil,0,1,0%,1
nike crew socks outfit,0,1,0%,1
nike cv7902-101,0,1,0%,1
nike element shield max,0,1,0%,1
nike ritorno al futuro bianche e rosse,0,1,0%,1
nike sb dunk low pro iso,0,1,0%,1
nike silver grigie,0,1,0%,1
nike sportswear essential collection,0,1,0%,1
nike tech fleece aw77,0,1,0%,1
nike tiempo x indoor,0,1,0%,1
nike vs puma vs adidas,0,1,0%,1
outfit adidas superstar hombre,0,1,0%,1
outfit con gorra blanca hombre,0,1,0%,1
outfit con jogger hombre,0,1,0%,1
outfit dr martens hombre,0,1,0%,1
outfit jogger verde hombre,0,1,0%,1
outfits dreamcore,0,1,0%,1
pantalon costillero,0,1,0%,1
pantalones con tacones,0,1,0%,1
pantalón fucsia outfit,0,1,0%,1
pantuflas yeezy,0,1,0%,1